{
  "market_score_regression": {
    "heads": [
      "common_substr", 
      "similar", 
      "equal"
    ], 
    "precisions_regress": {
      "common_substr": {
        "slope": 5.6541866744439391, 
        "p_value": 1.3829987521324913e-86, 
        "intercept": -0.90766611334277425, 
        "r_value": 0.64690014242468463
      }, 
      "similar": {
        "slope": 5.8401274162131829, 
        "p_value": 6.3708431422731346e-76, 
        "intercept": -1.0009064528461482, 
        "r_value": 0.61433283250580684
      }, 
      "equal": {
        "slope": 7.4842714510699846, 
        "p_value": 1.8901484488782756e-91, 
        "intercept": -1.5439671902692762, 
        "r_value": 0.6605377578774424
      }
    }, 
    "recalls_regress": {
      "common_substr": {
        "slope": 5.5322246889033826, 
        "p_value": 1.2860066508892049e-85, 
        "intercept": -0.88101785491625273, 
        "r_value": 0.64409902737572478
      }, 
      "similar": {
        "slope": 5.7309148818867124, 
        "p_value": 2.0251504982264824e-74, 
        "intercept": -0.97720971411305668, 
        "r_value": 0.60941848324281378
      }, 
      "equal": {
        "slope": 7.3856033558762268, 
        "p_value": 3.408745900725953e-90, 
        "intercept": -1.5219753001696161, 
        "r_value": 0.65708346544353813
      }
    }
  }, 
  "github_score_regression": {
    "heads": [
      "common_substr", 
      "similar", 
      "equal"
    ], 
    "precisions_regress": {
      "common_substr": {
        "slope": 8.0692259828154871, 
        "p_value": 5.5647090499445451e-13, 
        "intercept": -1.1981810282932566, 
        "r_value": 0.72565892621260031
      }, 
      "similar": {
        "slope": 7.729208307895755, 
        "p_value": 9.8699194799992132e-12, 
        "intercept": -1.171819084372355, 
        "r_value": 0.69756106898529091
      }, 
      "equal": {
        "slope": 9.5313020151675829, 
        "p_value": 1.2778603832959677e-14, 
        "intercept": -1.7127521486919901, 
        "r_value": 0.75793648508025235
      }
    }, 
    "recalls_regress": {
      "common_substr": {
        "slope": 7.91590872196441, 
        "p_value": 4.0868897951453258e-13, 
        "intercept": -1.1574136862820739, 
        "r_value": 0.72848338508617305
      }, 
      "similar": {
        "slope": 7.5989767721521924, 
        "p_value": 9.1372238072337109e-12, 
        "intercept": -1.1369917772340408, 
        "r_value": 0.69835938562995759
      }, 
      "equal": {
        "slope": 9.4211159288786899, 
        "p_value": 1.8623290898925907e-14, 
        "intercept": -1.683226835589589, 
        "r_value": 0.75492412784137408
      }
    }
  }, 
  "Tmarket_Pgithub": {
    "common_substr": {
      "fields": {
        "recall": 0.530284072477872, 
        "predict_count": 21913, 
        "origin_count": 21579, 
        "tp": 11443, 
        "precision": 0.5222014329393511
      }, 
      "classes": {
        "recall": 0.5490169491525424, 
        "predict_count": 7398, 
        "origin_count": 7375, 
        "tp": 4049, 
        "precision": 0.5473100838064342
      }, 
      "overall": {
        "recall": 0.5641371725654869, 
        "predict_count": 60783, 
        "origin_count": 60012, 
        "tp": 33855, 
        "precision": 0.5569813928236513
      }, 
      "methods": {
        "recall": 0.5934901247401247, 
        "predict_count": 31200, 
        "origin_count": 30784, 
        "tp": 18270, 
        "precision": 0.5855769230769231
      }, 
      "packages": {
        "recall": 0.33941605839416056, 
        "predict_count": 272, 
        "origin_count": 274, 
        "tp": 93, 
        "precision": 0.34191176470588236
      }
    }, 
    "similar": {
      "fields": {
        "recall": 0.508874368599101, 
        "predict_count": 21913, 
        "origin_count": 21579, 
        "tp": 10981, 
        "precision": 0.5011180577739242
      }, 
      "classes": {
        "recall": 0.4271186440677966, 
        "predict_count": 7398, 
        "origin_count": 7375, 
        "tp": 3150, 
        "precision": 0.4257907542579075
      }, 
      "overall": {
        "recall": 0.511614343797907, 
        "predict_count": 60783, 
        "origin_count": 60012, 
        "tp": 30703, 
        "precision": 0.5051247881809059
      }, 
      "methods": {
        "recall": 0.5352130977130977, 
        "predict_count": 31200, 
        "origin_count": 30784, 
        "tp": 16476, 
        "precision": 0.5280769230769231
      }, 
      "packages": {
        "recall": 0.35036496350364965, 
        "predict_count": 272, 
        "origin_count": 274, 
        "tp": 96, 
        "precision": 0.35294117647058826
      }
    }, 
    "equal": {
      "fields": {
        "recall": 0.4298160248389638, 
        "predict_count": 21913, 
        "origin_count": 21579, 
        "tp": 9275, 
        "precision": 0.42326472869985854
      }, 
      "classes": {
        "recall": 0.3305762711864407, 
        "predict_count": 7398, 
        "origin_count": 7375, 
        "tp": 2438, 
        "precision": 0.3295485266288186
      }, 
      "overall": {
        "recall": 0.42273212024261814, 
        "predict_count": 60783, 
        "origin_count": 60012, 
        "tp": 25369, 
        "precision": 0.4173699883191024
      }, 
      "methods": {
        "recall": 0.4406509875259875, 
        "predict_count": 31200, 
        "origin_count": 30784, 
        "tp": 13565, 
        "precision": 0.43477564102564104
      }, 
      "packages": {
        "recall": 0.33211678832116787, 
        "predict_count": 272, 
        "origin_count": 274, 
        "tp": 91, 
        "precision": 0.33455882352941174
      }
    }
  }, 
  "Tmarket_Pmarket": {
    "common_substr": {
      "recall": 0.36770589657623082, 
      "precision": 0.3685866769519755
    },